benchmark,dataset,architecture,method,regime,attack,byzantine_rate,num_clients,rounds,mean_acc,std_acc,mean_b10,std_b10,peak_vram_mb,batch_latency_ms,elapsed_s,source_origin
Personalization FEMNIST,femnist,ResNet-9,FedAvg,iid,none,0.0,15,25,84.27,0.2,79.75,1.43,110.2,8.4,219.37,Master
Personalization FEMNIST,femnist,ResNet-9,FedAvg,mild,none,0.0,15,25,84.51,0.04,77.97,1.06,110.2,8.4,221.09,Master
Personalization FEMNIST,femnist,ResNet-9,FedAvg,moderate,none,0.0,15,25,83.76,0.42,74.56,1.6,110.2,8.4,218.99,Master
Personalization FEMNIST,femnist,ResNet-9,FedAvg,severe,none,0.0,15,25,82.01,1.36,62.08,11.58,110.2,8.4,219.37,Master
Personalization FEMNIST,femnist,ResNet-9,FedAvg,extreme,none,0.0,15,25,78.21,1.76,45.02,11.61,110.2,8.4,221.26,Master
Personalization FEMNIST,femnist,ResNet-9,FedProx,iid,none,0.0,15,25,84.68,0.18,80.42,1.7,110.2,8.4,260.0,Master
Personalization FEMNIST,femnist,ResNet-9,FedProx,mild,none,0.0,15,25,84.83,0.05,78.1,0.46,110.2,8.4,260.25,Master
Personalization FEMNIST,femnist,ResNet-9,FedProx,moderate,none,0.0,15,25,83.96,0.5,74.53,1.89,110.2,8.4,258.22,Master
Personalization FEMNIST,femnist,ResNet-9,FedProx,severe,none,0.0,15,25,82.12,1.67,62.6,12.09,110.2,8.4,258.05,Master
Personalization FEMNIST,femnist,ResNet-9,FedProx,extreme,none,0.0,15,25,78.39,1.78,43.91,12.96,110.2,8.4,257.55,Master
Personalization FEMNIST,femnist,ResNet-9,Multi-Krum,iid,none,0.0,15,25,81.32,0.42,76.83,0.47,110.2,8.4,218.47,Master
Personalization FEMNIST,femnist,ResNet-9,Multi-Krum,mild,none,0.0,15,25,81.32,0.43,74.5,2.34,110.2,8.4,218.44,Master
Personalization FEMNIST,femnist,ResNet-9,Multi-Krum,moderate,none,0.0,15,25,78.53,0.78,64.48,7.18,110.2,8.4,218.66,Master
Personalization FEMNIST,femnist,ResNet-9,Multi-Krum,severe,none,0.0,15,25,60.86,7.83,32.45,12.93,110.2,8.4,217.77,Master
Personalization FEMNIST,femnist,ResNet-9,Multi-Krum,extreme,none,0.0,15,25,50.49,8.11,20.77,10.92,110.2,8.4,217.93,Master
Personalization FEMNIST,femnist,ResNet-9,SCAFFOLD,iid,none,0.0,15,25,84.74,0.17,80.75,1.06,110.2,8.4,212.54,Master
Personalization FEMNIST,femnist,ResNet-9,SCAFFOLD,mild,none,0.0,15,25,84.82,0.29,77.88,0.34,110.2,8.4,211.22,Master
Personalization FEMNIST,femnist,ResNet-9,SCAFFOLD,moderate,none,0.0,15,25,84.21,0.48,75.84,2.21,110.2,8.4,212.07,Master
Personalization FEMNIST,femnist,ResNet-9,SCAFFOLD,severe,none,0.0,15,25,80.3,1.11,58.23,9.73,110.2,8.4,211.64,Master
Personalization FEMNIST,femnist,ResNet-9,SCAFFOLD,extreme,none,0.0,15,25,78.01,1.31,49.66,11.4,110.2,8.4,212.28,Master
Personalization FEMNIST,femnist,ResNet-9,Ditto,iid,none,0.0,15,25,82.64,0.62,78.58,1.12,110.2,8.4,428.25,Master
Personalization FEMNIST,femnist,ResNet-9,Ditto,mild,none,0.0,15,25,86.77,0.25,80.08,0.97,110.2,8.4,423.27,Master
Personalization FEMNIST,femnist,ResNet-9,Ditto,moderate,none,0.0,15,25,88.49,0.93,81.19,1.9,110.2,8.4,423.15,Master
Personalization FEMNIST,femnist,ResNet-9,Ditto,severe,none,0.0,15,25,94.54,0.81,88.3,1.7,110.2,8.4,425.31,Master
Personalization FEMNIST,femnist,ResNet-9,Ditto,extreme,none,0.0,15,25,94.93,0.72,84.77,2.55,110.2,8.4,423.31,Master
Personalization FEMNIST,femnist,ResNet-9,FedRep,iid,none,0.0,15,25,81.3,0.2,76.0,1.06,110.2,8.4,187.58,Master
Personalization FEMNIST,femnist,ResNet-9,FedRep,mild,none,0.0,15,25,85.36,0.49,78.31,0.49,110.2,8.4,186.05,Master
Personalization FEMNIST,femnist,ResNet-9,FedRep,moderate,none,0.0,15,25,87.33,1.02,78.95,2.24,110.2,8.4,188.95,Master
Personalization FEMNIST,femnist,ResNet-9,FedRep,severe,none,0.0,15,25,93.52,0.85,85.47,2.03,110.2,8.4,188.45,Master
Personalization FEMNIST,femnist,ResNet-9,FedRep,extreme,none,0.0,15,25,94.27,0.6,81.57,3.67,110.2,8.4,188.27,Master
Personalization FEMNIST,femnist,ResNet-9,FedHEP,iid,none,0.0,15,25,83.07,0.1,78.67,0.92,114.8,8.42,491.41,Master
Personalization FEMNIST,femnist,ResNet-9,FedHEP,mild,none,0.0,15,25,86.33,0.56,79.84,0.58,114.8,8.42,482.63,Master
Personalization FEMNIST,femnist,ResNet-9,FedHEP,moderate,none,0.0,15,25,88.06,1.25,80.34,1.08,114.8,8.42,479.65,Master
Personalization FEMNIST,femnist,ResNet-9,FedHEP,severe,none,0.0,15,25,93.96,0.79,87.15,1.67,114.8,8.42,473.27,Master
Personalization FEMNIST,femnist,ResNet-9,FedHEP,extreme,none,0.0,15,25,94.73,0.58,83.91,2.26,114.8,8.42,473.77,Master
