benchmark,dataset,architecture,method,regime,attack,byzantine_rate,num_clients,rounds,mean_acc,std_acc,mean_b10,std_b10,peak_vram_mb,batch_latency_ms,elapsed_s
Personalization FEMNIST,femnist,ResNet-9,Fedavg,iid,none,0.0,15,25,84.27,0.2,79.75,1.43,110.2,8.4,219.37
Personalization FEMNIST,femnist,ResNet-9,Fedavg,mild,none,0.0,15,25,84.51,0.04,77.97,1.06,110.2,8.4,221.09
Personalization FEMNIST,femnist,ResNet-9,Fedavg,moderate,none,0.0,15,25,83.76,0.42,74.56,1.6,110.2,8.4,218.99
Personalization FEMNIST,femnist,ResNet-9,Fedavg,severe,none,0.0,15,25,82.01,1.36,62.08,11.58,110.2,8.4,219.37
Personalization FEMNIST,femnist,ResNet-9,Fedavg,extreme,none,0.0,15,25,78.21,1.76,45.02,11.61,110.2,8.4,221.26
Personalization FEMNIST,femnist,ResNet-9,Fedprox,iid,none,0.0,15,25,84.68,0.18,80.42,1.7,110.2,8.4,260.0
Personalization FEMNIST,femnist,ResNet-9,Fedprox,mild,none,0.0,15,25,84.83,0.05,78.1,0.46,110.2,8.4,260.25
Personalization FEMNIST,femnist,ResNet-9,Fedprox,moderate,none,0.0,15,25,83.96,0.5,74.53,1.89,110.2,8.4,258.22
Personalization FEMNIST,femnist,ResNet-9,Fedprox,severe,none,0.0,15,25,82.12,1.67,62.6,12.09,110.2,8.4,258.05
Personalization FEMNIST,femnist,ResNet-9,Fedprox,extreme,none,0.0,15,25,78.39,1.78,43.91,12.96,110.2,8.4,257.55
Personalization FEMNIST,femnist,ResNet-9,Multikrum,iid,none,0.0,15,25,81.32,0.42,76.83,0.47,110.2,8.4,218.47
Personalization FEMNIST,femnist,ResNet-9,Multikrum,mild,none,0.0,15,25,81.32,0.43,74.5,2.34,110.2,8.4,218.44
Personalization FEMNIST,femnist,ResNet-9,Multikrum,moderate,none,0.0,15,25,78.53,0.78,64.48,7.18,110.2,8.4,218.66
Personalization FEMNIST,femnist,ResNet-9,Multikrum,severe,none,0.0,15,25,60.86,7.83,32.45,12.93,110.2,8.4,217.77
Personalization FEMNIST,femnist,ResNet-9,Multikrum,extreme,none,0.0,15,25,50.49,8.11,20.77,10.92,110.2,8.4,217.93
Personalization FEMNIST,femnist,ResNet-9,Scaffold,iid,none,0.0,15,25,84.74,0.17,80.75,1.06,110.2,8.4,212.54
Personalization FEMNIST,femnist,ResNet-9,Scaffold,mild,none,0.0,15,25,84.82,0.29,77.88,0.34,110.2,8.4,211.22
Personalization FEMNIST,femnist,ResNet-9,Scaffold,moderate,none,0.0,15,25,84.21,0.48,75.84,2.21,110.2,8.4,212.07
Personalization FEMNIST,femnist,ResNet-9,Scaffold,severe,none,0.0,15,25,80.3,1.11,58.23,9.73,110.2,8.4,211.64
Personalization FEMNIST,femnist,ResNet-9,Scaffold,extreme,none,0.0,15,25,78.01,1.31,49.66,11.4,110.2,8.4,212.28
Personalization FEMNIST,femnist,ResNet-9,Ditto,iid,none,0.0,15,25,82.64,0.62,78.58,1.12,110.2,8.4,428.25
Personalization FEMNIST,femnist,ResNet-9,Ditto,mild,none,0.0,15,25,86.77,0.25,80.08,0.97,110.2,8.4,423.27
Personalization FEMNIST,femnist,ResNet-9,Ditto,moderate,none,0.0,15,25,88.49,0.93,81.19,1.9,110.2,8.4,423.15
Personalization FEMNIST,femnist,ResNet-9,Ditto,severe,none,0.0,15,25,94.54,0.81,88.3,1.7,110.2,8.4,425.31
Personalization FEMNIST,femnist,ResNet-9,Ditto,extreme,none,0.0,15,25,94.93,0.72,84.77,2.55,110.2,8.4,423.31
Personalization FEMNIST,femnist,ResNet-9,Fedrep,iid,none,0.0,15,25,81.3,0.2,76.0,1.06,110.2,8.4,187.58
Personalization FEMNIST,femnist,ResNet-9,Fedrep,mild,none,0.0,15,25,85.36,0.49,78.31,0.49,110.2,8.4,186.05
Personalization FEMNIST,femnist,ResNet-9,Fedrep,moderate,none,0.0,15,25,87.33,1.02,78.95,2.24,110.2,8.4,188.95
Personalization FEMNIST,femnist,ResNet-9,Fedrep,severe,none,0.0,15,25,93.52,0.85,85.47,2.03,110.2,8.4,188.45
Personalization FEMNIST,femnist,ResNet-9,Fedrep,extreme,none,0.0,15,25,94.27,0.6,81.57,3.67,110.2,8.4,188.27
Personalization FEMNIST,femnist,ResNet-9,FedHEP,iid,none,0.0,15,25,83.07,0.1,78.67,0.92,114.8,8.42,491.41
Personalization FEMNIST,femnist,ResNet-9,FedHEP,mild,none,0.0,15,25,86.33,0.56,79.84,0.58,114.8,8.42,482.63
Personalization FEMNIST,femnist,ResNet-9,FedHEP,moderate,none,0.0,15,25,88.06,1.25,80.34,1.08,114.8,8.42,479.65
Personalization FEMNIST,femnist,ResNet-9,FedHEP,severe,none,0.0,15,25,93.96,0.79,87.15,1.67,114.8,8.42,473.27
Personalization FEMNIST,femnist,ResNet-9,FedHEP,extreme,none,0.0,15,25,94.73,0.58,83.91,2.26,114.8,8.42,473.77
Personalization CIFAR-100,cifar100,ResNet-9,Fedavg,iid,none,0.0,15,25,41.46,0.36,35.42,0.47,110.2,8.4,2014.09
Personalization CIFAR-100,cifar100,ResNet-9,Fedavg,mild,none,0.0,15,25,40.78,0.35,33.26,2.05,110.2,8.4,2017.3
Personalization CIFAR-100,cifar100,ResNet-9,Fedavg,moderate,none,0.0,15,25,39.8,0.16,35.19,0.72,110.2,8.4,2013.99
Personalization CIFAR-100,cifar100,ResNet-9,Fedavg,severe,none,0.0,15,25,37.49,0.63,30.39,2.24,110.2,8.4,2017.65
Personalization CIFAR-100,cifar100,ResNet-9,Fedavg,extreme,none,0.0,15,25,36.29,0.48,24.87,4.72,110.2,8.4,2019.26
Personalization CIFAR-100,cifar100,ResNet-9,Fedprox,iid,none,0.0,15,25,42.33,0.31,35.42,0.31,110.2,8.4,2162.22
Personalization CIFAR-100,cifar100,ResNet-9,Fedprox,mild,none,0.0,15,25,41.12,0.86,32.07,2.14,110.2,8.4,2169.22
Personalization CIFAR-100,cifar100,ResNet-9,Fedprox,moderate,none,0.0,15,25,40.17,0.37,34.87,1.22,110.2,8.4,2172.43
Personalization CIFAR-100,cifar100,ResNet-9,Fedprox,severe,none,0.0,15,25,37.51,0.87,29.62,1.5,110.2,8.4,2173.74
Personalization CIFAR-100,cifar100,ResNet-9,Fedprox,extreme,none,0.0,15,25,36.8,0.45,26.47,1.74,110.2,8.4,2172.53
Personalization CIFAR-100,cifar100,ResNet-9,Multikrum,iid,none,0.0,15,25,32.29,0.43,27.17,1.03,110.2,8.4,2016.7
Personalization CIFAR-100,cifar100,ResNet-9,Multikrum,mild,none,0.0,15,25,28.6,1.68,21.4,1.66,110.2,8.4,2017.71
Personalization CIFAR-100,cifar100,ResNet-9,Multikrum,moderate,none,0.0,15,25,26.49,1.23,19.88,1.8,110.2,8.4,2018.41
Personalization CIFAR-100,cifar100,ResNet-9,Multikrum,severe,none,0.0,15,25,19.68,2.26,8.33,1.36,110.2,8.4,2015.4
Personalization CIFAR-100,cifar100,ResNet-9,Multikrum,extreme,none,0.0,15,25,18.22,0.98,4.48,0.22,110.2,8.4,2019.98
Personalization CIFAR-100,cifar100,ResNet-9,Scaffold,iid,none,0.0,15,25,45.39,1.0,39.92,1.23,110.2,8.4,2017.07
Personalization CIFAR-100,cifar100,ResNet-9,Scaffold,mild,none,0.0,15,25,45.56,0.99,37.74,2.54,110.2,8.4,2019.59
Personalization CIFAR-100,cifar100,ResNet-9,Scaffold,moderate,none,0.0,15,25,45.1,0.43,40.2,0.24,110.2,8.4,2019.38
Personalization CIFAR-100,cifar100,ResNet-9,Scaffold,severe,none,0.0,15,25,43.14,1.07,35.54,2.63,110.2,8.4,2020.12
Personalization CIFAR-100,cifar100,ResNet-9,Scaffold,extreme,none,0.0,15,25,41.56,0.58,31.05,1.68,110.2,8.4,2022.1
Personalization CIFAR-100,cifar100,ResNet-9,Ditto,iid,none,0.0,15,25,41.49,1.03,35.67,1.66,220.4,16.95,4067.87
Personalization CIFAR-100,cifar100,ResNet-9,Ditto,mild,none,0.0,15,25,42.52,0.39,36.44,0.74,220.4,16.95,4079.72
Personalization CIFAR-100,cifar100,ResNet-9,Ditto,moderate,none,0.0,15,25,43.84,1.14,37.55,2.19,220.4,16.95,4082.37
Personalization CIFAR-100,cifar100,ResNet-9,Ditto,severe,none,0.0,15,25,51.72,0.35,43.98,1.83,220.4,16.95,4081.13
Personalization CIFAR-100,cifar100,ResNet-9,Ditto,extreme,none,0.0,15,25,58.13,0.69,47.14,2.9,220.4,16.95,4084.5
Personalization CIFAR-100,cifar100,ResNet-9,Fedrep,iid,none,0.0,15,25,16.08,1.03,12.67,1.96,110.2,8.4,1538.32
Personalization CIFAR-100,cifar100,ResNet-9,Fedrep,mild,none,0.0,15,25,25.72,1.62,20.25,1.81,110.2,8.4,1541.98
Personalization CIFAR-100,cifar100,ResNet-9,Fedrep,moderate,none,0.0,15,25,31.72,0.77,26.07,1.14,110.2,8.4,1541.73
Personalization CIFAR-100,cifar100,ResNet-9,Fedrep,severe,none,0.0,15,25,52.17,1.26,38.47,1.73,110.2,8.4,1542.98
Personalization CIFAR-100,cifar100,ResNet-9,Fedrep,extreme,none,0.0,15,25,60.97,0.73,45.62,1.59,110.2,8.4,1542.63
Personalization CIFAR-100,cifar100,ResNet-9,FedHEP,iid,none,0.0,15,25,40.94,0.16,35.58,0.66,114.8,8.42,3835.97
Personalization CIFAR-100,cifar100,ResNet-9,FedHEP,mild,none,0.0,15,25,42.63,0.52,36.42,0.69,114.8,8.42,3876.97
Personalization CIFAR-100,cifar100,ResNet-9,FedHEP,moderate,none,0.0,15,25,44.91,0.23,37.25,1.54,114.8,8.42,3881.6
Personalization CIFAR-100,cifar100,ResNet-9,FedHEP,severe,none,0.0,15,25,59.08,1.27,47.48,1.41,114.8,8.42,3889.95
Personalization CIFAR-100,cifar100,ResNet-9,FedHEP,extreme,none,0.0,15,25,65.49,0.61,53.92,0.63,114.8,8.42,3902.35
Byzantine CIFAR-100,cifar100,ResNet-9,Fedavg,moderate,label_flip,0.0,15,30,38.26,0.23,33.27,0.86,110.2,8.4,169.69
Byzantine CIFAR-100,cifar100,ResNet-9,Fedprox,moderate,label_flip,0.0,15,30,38.36,0.19,33.63,1.09,110.2,8.4,172.38
Byzantine CIFAR-100,cifar100,ResNet-9,Multikrum,moderate,label_flip,0.0,15,30,25.04,0.69,17.59,1.32,110.2,8.4,140.42
Byzantine CIFAR-100,cifar100,ResNet-9,Scaffold,moderate,label_flip,0.0,15,30,39.41,0.31,35.05,0.87,110.2,8.4,139.03
Byzantine CIFAR-100,cifar100,ResNet-9,Ditto,moderate,label_flip,0.0,15,30,43.96,1.51,37.06,1.0,110.2,8.4,307.51
Byzantine CIFAR-100,cifar100,ResNet-9,Fedrep,moderate,label_flip,0.0,15,30,29.52,1.35,23.48,1.62,110.2,8.4,117.58
Byzantine CIFAR-100,cifar100,ResNet-9,FedHEP,moderate,label_flip,0.0,15,30,47.46,0.71,40.61,1.09,114.8,8.42,354.24
Byzantine CIFAR-100,cifar100,ResNet-9,Defended FedHEP,moderate,label_flip,0.0,15,30,47.88,0.46,41.57,0.85,114.8,8.42,357.98
Byzantine CIFAR-100,cifar100,ResNet-9,Fedavg,moderate,label_flip,0.1,15,30,36.93,1.76,31.86,2.74,110.2,8.4,149.44
Byzantine CIFAR-100,cifar100,ResNet-9,Fedprox,moderate,label_flip,0.1,15,30,36.56,1.73,31.67,2.62,110.2,8.4,182.73
Byzantine CIFAR-100,cifar100,ResNet-9,Multikrum,moderate,label_flip,0.1,15,30,24.58,1.84,19.38,1.48,110.2,8.4,149.11
Byzantine CIFAR-100,cifar100,ResNet-9,Scaffold,moderate,label_flip,0.1,15,30,38.22,0.64,33.0,1.17,110.2,8.4,147.6
Byzantine CIFAR-100,cifar100,ResNet-9,Ditto,moderate,label_flip,0.1,15,30,43.37,1.3,37.37,1.73,110.2,8.4,325.36
Byzantine CIFAR-100,cifar100,ResNet-9,Fedrep,moderate,label_flip,0.1,15,30,30.08,1.29,23.24,1.09,110.2,8.4,124.49
Byzantine CIFAR-100,cifar100,ResNet-9,FedHEP,moderate,label_flip,0.1,15,30,46.88,1.66,39.48,2.68,114.8,8.42,375.65
Byzantine CIFAR-100,cifar100,ResNet-9,Defended FedHEP,moderate,label_flip,0.1,15,30,47.53,0.86,40.45,1.61,114.8,8.42,356.73
Byzantine CIFAR-100,cifar100,ResNet-9,Fedavg,moderate,label_flip,0.2,15,30,35.07,1.98,30.1,1.95,110.2,8.4,149.89
Byzantine CIFAR-100,cifar100,ResNet-9,Fedprox,moderate,label_flip,0.2,15,30,35.18,1.76,28.59,2.85,110.2,8.4,183.39
Byzantine CIFAR-100,cifar100,ResNet-9,Multikrum,moderate,label_flip,0.2,15,30,24.71,2.21,19.14,1.93,110.2,8.4,149.93
Byzantine CIFAR-100,cifar100,ResNet-9,Scaffold,moderate,label_flip,0.2,15,30,35.52,1.17,29.68,1.28,110.2,8.4,148.26
Byzantine CIFAR-100,cifar100,ResNet-9,Ditto,moderate,label_flip,0.2,15,30,42.82,1.52,36.03,1.54,110.2,8.4,325.98
Byzantine CIFAR-100,cifar100,ResNet-9,Fedrep,moderate,label_flip,0.2,15,30,29.85,1.19,23.75,1.34,110.2,8.4,124.04
Byzantine CIFAR-100,cifar100,ResNet-9,FedHEP,moderate,label_flip,0.2,15,30,31.34,21.32,27.32,19.32,114.8,8.42,375.17
Byzantine CIFAR-100,cifar100,ResNet-9,Defended FedHEP,moderate,label_flip,0.2,15,30,45.15,1.24,35.16,5.13,114.8,8.42,353.07
Byzantine CIFAR-100,cifar100,ResNet-9,Fedavg,moderate,label_flip,0.3,15,30,26.82,5.28,20.8,6.6,110.2,8.4,150.03
Byzantine CIFAR-100,cifar100,ResNet-9,Fedprox,moderate,label_flip,0.3,15,30,27.12,5.72,20.82,7.02,110.2,8.4,182.88
Byzantine CIFAR-100,cifar100,ResNet-9,Multikrum,moderate,label_flip,0.3,15,30,16.59,11.12,11.88,8.4,110.2,8.4,149.19
Byzantine CIFAR-100,cifar100,ResNet-9,Scaffold,moderate,label_flip,0.3,15,30,27.78,4.89,21.04,5.18,110.2,8.4,147.82
Byzantine CIFAR-100,cifar100,ResNet-9,Ditto,moderate,label_flip,0.3,15,30,39.13,3.15,31.89,4.33,110.2,8.4,326.28
Byzantine CIFAR-100,cifar100,ResNet-9,Fedrep,moderate,label_flip,0.3,15,30,29.92,2.07,22.9,2.58,110.2,8.4,124.46
Byzantine CIFAR-100,cifar100,ResNet-9,FedHEP,moderate,label_flip,0.3,15,30,13.8,17.74,10.16,14.36,114.8,8.42,383.43
Byzantine CIFAR-100,cifar100,ResNet-9,Defended FedHEP,moderate,label_flip,0.3,15,30,39.88,3.86,28.27,9.55,114.8,8.42,355.72
Byzantine CIFAR-100,cifar100,ResNet-9,Fedavg,moderate,label_flip,0.4,15,30,16.9,7.17,11.95,6.85,110.2,8.4,150.02
Byzantine CIFAR-100,cifar100,ResNet-9,Fedprox,moderate,label_flip,0.4,15,30,16.88,7.27,11.75,6.31,110.2,8.4,183.37
Byzantine CIFAR-100,cifar100,ResNet-9,Multikrum,moderate,label_flip,0.4,15,30,15.09,10.06,11.14,7.78,110.2,8.4,149.94
Byzantine CIFAR-100,cifar100,ResNet-9,Scaffold,moderate,label_flip,0.4,15,30,16.8,7.87,11.27,6.66,110.2,8.4,148.43
Byzantine CIFAR-100,cifar100,ResNet-9,Ditto,moderate,label_flip,0.4,15,30,37.31,3.98,30.9,4.37,110.2,8.4,326.55
Byzantine CIFAR-100,cifar100,ResNet-9,Fedrep,moderate,label_flip,0.4,15,30,29.74,2.18,23.11,3.48,110.2,8.4,124.12
Byzantine CIFAR-100,cifar100,ResNet-9,FedHEP,moderate,label_flip,0.4,15,30,10.72,13.31,8.56,12.1,114.8,8.42,380.52
Byzantine CIFAR-100,cifar100,ResNet-9,Defended FedHEP,moderate,label_flip,0.4,15,30,36.28,7.53,28.76,7.15,114.8,8.42,354.03
Byzantine CIFAR-100,cifar100,ResNet-9,Fedavg,moderate,sign_flip,0.0,15,30,38.26,0.23,33.27,0.86,110.2,8.4,169.69
Byzantine CIFAR-100,cifar100,ResNet-9,Fedprox,moderate,sign_flip,0.0,15,30,38.36,0.19,33.63,1.09,110.2,8.4,172.38
Byzantine CIFAR-100,cifar100,ResNet-9,Multikrum,moderate,sign_flip,0.0,15,30,25.04,0.69,17.59,1.32,110.2,8.4,140.42
Byzantine CIFAR-100,cifar100,ResNet-9,Scaffold,moderate,sign_flip,0.0,15,30,39.41,0.31,35.05,0.87,110.2,8.4,139.03
Byzantine CIFAR-100,cifar100,ResNet-9,Ditto,moderate,sign_flip,0.0,15,30,43.96,1.51,37.06,1.0,110.2,8.4,307.51
Byzantine CIFAR-100,cifar100,ResNet-9,Fedrep,moderate,sign_flip,0.0,15,30,29.52,1.35,23.48,1.62,110.2,8.4,117.58
Byzantine CIFAR-100,cifar100,ResNet-9,FedHEP,moderate,sign_flip,0.0,15,30,47.46,0.71,40.61,1.09,114.8,8.42,354.24
Byzantine CIFAR-100,cifar100,ResNet-9,Defended FedHEP,moderate,sign_flip,0.0,15,30,47.88,0.46,41.57,0.85,114.8,8.42,357.98
Byzantine CIFAR-100,cifar100,ResNet-9,Fedavg,moderate,sign_flip,0.1,15,30,31.91,5.28,25.96,5.34,110.2,8.4,150.17
Byzantine CIFAR-100,cifar100,ResNet-9,Fedprox,moderate,sign_flip,0.1,15,30,32.37,5.16,26.4,4.93,110.2,8.4,183.3
Byzantine CIFAR-100,cifar100,ResNet-9,Multikrum,moderate,sign_flip,0.1,15,30,23.91,1.44,18.87,1.4,110.2,8.4,149.38
Byzantine CIFAR-100,cifar100,ResNet-9,Scaffold,moderate,sign_flip,0.1,15,30,36.32,2.63,31.31,2.33,110.2,8.4,147.6
Byzantine CIFAR-100,cifar100,ResNet-9,Ditto,moderate,sign_flip,0.1,15,30,40.35,3.13,32.74,3.19,110.2,8.4,326.51
Byzantine CIFAR-100,cifar100,ResNet-9,Fedrep,moderate,sign_flip,0.1,15,30,20.09,13.52,15.22,10.85,110.2,8.4,124.35
Byzantine CIFAR-100,cifar100,ResNet-9,FedHEP,moderate,sign_flip,0.1,15,30,42.75,4.73,35.53,5.13,114.8,8.42,373.35
Byzantine CIFAR-100,cifar100,ResNet-9,Defended FedHEP,moderate,sign_flip,0.1,15,30,44.93,2.97,37.78,3.71,114.8,8.42,355.6
Byzantine CIFAR-100,cifar100,ResNet-9,Fedavg,moderate,sign_flip,0.2,15,30,18.58,14.12,12.72,12.38,110.2,8.4,159.75
Byzantine CIFAR-100,cifar100,ResNet-9,Fedprox,moderate,sign_flip,0.2,15,30,18.78,14.03,12.91,11.49,110.2,8.4,189.32
Byzantine CIFAR-100,cifar100,ResNet-9,Multikrum,moderate,sign_flip,0.2,15,30,24.56,1.76,17.81,1.22,110.2,8.4,150.05
Byzantine CIFAR-100,cifar100,ResNet-9,Scaffold,moderate,sign_flip,0.2,15,30,32.76,3.38,28.1,3.51,110.2,8.4,148.14
Byzantine CIFAR-100,cifar100,ResNet-9,Ditto,moderate,sign_flip,0.2,15,30,36.32,5.25,29.68,5.02,110.2,8.4,327.68
Byzantine CIFAR-100,cifar100,ResNet-9,Fedrep,moderate,sign_flip,0.2,15,30,10.79,13.56,7.56,10.69,110.2,8.4,124.49
Byzantine CIFAR-100,cifar100,ResNet-9,FedHEP,moderate,sign_flip,0.2,15,30,36.41,4.87,30.02,5.01,114.8,8.42,400.97
Byzantine CIFAR-100,cifar100,ResNet-9,Defended FedHEP,moderate,sign_flip,0.2,15,30,40.22,3.24,33.17,3.8,114.8,8.42,356.88
Byzantine CIFAR-100,cifar100,ResNet-9,Fedavg,moderate,sign_flip,0.3,15,30,7.02,8.52,4.16,5.88,110.2,8.4,150.0
Byzantine CIFAR-100,cifar100,ResNet-9,Fedprox,moderate,sign_flip,0.3,15,30,7.58,9.3,4.4,6.22,110.2,8.4,182.55
Byzantine CIFAR-100,cifar100,ResNet-9,Multikrum,moderate,sign_flip,0.3,15,30,23.44,1.96,16.86,2.85,110.2,8.4,148.3
Byzantine CIFAR-100,cifar100,ResNet-9,Scaffold,moderate,sign_flip,0.3,15,30,10.84,13.92,8.85,12.51,110.2,8.4,146.29
Byzantine CIFAR-100,cifar100,ResNet-9,Ditto,moderate,sign_flip,0.3,15,30,21.32,12.3,14.18,12.53,110.2,8.4,323.66
Byzantine CIFAR-100,cifar100,ResNet-9,Fedrep,moderate,sign_flip,0.3,15,30,1.21,0.06,0.07,0.09,110.2,8.4,123.91
Byzantine CIFAR-100,cifar100,ResNet-9,FedHEP,moderate,sign_flip,0.3,15,30,16.17,11.87,10.65,11.73,114.8,8.42,399.09
Byzantine CIFAR-100,cifar100,ResNet-9,Defended FedHEP,moderate,sign_flip,0.3,15,30,31.3,3.72,23.47,5.25,114.8,8.42,351.49
Byzantine CIFAR-100,cifar100,ResNet-9,Fedavg,moderate,sign_flip,0.4,15,30,1.06,0.08,0.0,0.0,110.2,8.4,149.13
Byzantine CIFAR-100,cifar100,ResNet-9,Fedprox,moderate,sign_flip,0.4,15,30,1.06,0.08,0.0,0.0,110.2,8.4,182.65
Byzantine CIFAR-100,cifar100,ResNet-9,Multikrum,moderate,sign_flip,0.4,15,30,16.3,10.73,11.04,7.81,110.2,8.4,149.39
Byzantine CIFAR-100,cifar100,ResNet-9,Scaffold,moderate,sign_flip,0.4,15,30,1.06,0.08,0.0,0.0,110.2,8.4,148.32
Byzantine CIFAR-100,cifar100,ResNet-9,Ditto,moderate,sign_flip,0.4,15,30,8.92,8.28,4.91,5.01,110.2,8.4,324.4
Byzantine CIFAR-100,cifar100,ResNet-9,Fedrep,moderate,sign_flip,0.4,15,30,1.23,0.05,0.0,0.0,110.2,8.4,122.88
Byzantine CIFAR-100,cifar100,ResNet-9,FedHEP,moderate,sign_flip,0.4,15,30,4.05,3.75,1.45,2.06,114.8,8.42,437.53
Byzantine CIFAR-100,cifar100,ResNet-9,Defended FedHEP,moderate,sign_flip,0.4,15,30,20.78,13.59,15.06,11.1,114.8,8.42,352.07
Byzantine CIFAR-100,cifar100,ResNet-9,Fedavg,moderate,gradient_ascent,0.0,15,30,38.26,0.23,33.27,0.86,110.2,8.4,169.69
Byzantine CIFAR-100,cifar100,ResNet-9,Fedprox,moderate,gradient_ascent,0.0,15,30,38.36,0.19,33.63,1.09,110.2,8.4,172.38
Byzantine CIFAR-100,cifar100,ResNet-9,Multikrum,moderate,gradient_ascent,0.0,15,30,25.04,0.69,17.59,1.32,110.2,8.4,140.42
Byzantine CIFAR-100,cifar100,ResNet-9,Scaffold,moderate,gradient_ascent,0.0,15,30,39.41,0.31,35.05,0.87,110.2,8.4,139.03
Byzantine CIFAR-100,cifar100,ResNet-9,Ditto,moderate,gradient_ascent,0.0,15,30,43.96,1.51,37.06,1.0,110.2,8.4,307.51
Byzantine CIFAR-100,cifar100,ResNet-9,Fedrep,moderate,gradient_ascent,0.0,15,30,29.52,1.35,23.48,1.62,110.2,8.4,117.58
Byzantine CIFAR-100,cifar100,ResNet-9,FedHEP,moderate,gradient_ascent,0.0,15,30,47.46,0.71,40.61,1.09,114.8,8.42,354.24
Byzantine CIFAR-100,cifar100,ResNet-9,Defended FedHEP,moderate,gradient_ascent,0.0,15,30,47.88,0.46,41.57,0.85,114.8,8.42,357.98
Byzantine CIFAR-100,cifar100,ResNet-9,Fedavg,moderate,gradient_ascent,0.1,15,30,13.28,17.36,10.81,15.29,110.2,8.4,148.59
Byzantine CIFAR-100,cifar100,ResNet-9,Fedprox,moderate,gradient_ascent,0.1,15,30,13.63,17.87,11.31,15.99,110.2,8.4,184.47
Byzantine CIFAR-100,cifar100,ResNet-9,Multikrum,moderate,gradient_ascent,0.1,15,30,23.49,1.65,18.47,0.82,110.2,8.4,151.73
Byzantine CIFAR-100,cifar100,ResNet-9,Scaffold,moderate,gradient_ascent,0.1,15,30,24.16,16.58,20.45,14.66,110.2,8.4,150.02
Byzantine CIFAR-100,cifar100,ResNet-9,Ditto,moderate,gradient_ascent,0.1,15,30,27.95,15.67,22.12,14.31,110.2,8.4,328.67
Byzantine CIFAR-100,cifar100,ResNet-9,Fedrep,moderate,gradient_ascent,0.1,15,30,10.89,13.87,8.33,11.77,110.2,8.4,125.22
Byzantine CIFAR-100,cifar100,ResNet-9,FedHEP,moderate,gradient_ascent,0.1,15,30,29.82,18.85,24.6,17.01,114.8,8.42,398.1
Byzantine CIFAR-100,cifar100,ResNet-9,Defended FedHEP,moderate,gradient_ascent,0.1,15,30,44.03,3.68,36.31,4.4,114.8,8.42,351.91
Byzantine CIFAR-100,cifar100,ResNet-9,Fedavg,moderate,gradient_ascent,0.2,15,30,1.06,0.08,0.0,0.0,110.2,8.4,149.06
Byzantine CIFAR-100,cifar100,ResNet-9,Fedprox,moderate,gradient_ascent,0.2,15,30,1.06,0.08,0.0,0.0,110.2,8.4,182.16
Byzantine CIFAR-100,cifar100,ResNet-9,Multikrum,moderate,gradient_ascent,0.2,15,30,23.8,1.8,17.01,0.5,110.2,8.4,150.75
Byzantine CIFAR-100,cifar100,ResNet-9,Scaffold,moderate,gradient_ascent,0.2,15,30,12.36,16.06,10.15,14.35,110.2,8.4,147.07
Byzantine CIFAR-100,cifar100,ResNet-9,Ditto,moderate,gradient_ascent,0.2,15,30,15.09,16.93,11.03,14.48,110.2,8.4,329.39
Byzantine CIFAR-100,cifar100,ResNet-9,Fedrep,moderate,gradient_ascent,0.2,15,30,1.21,0.04,0.07,0.09,110.2,8.4,123.1
Byzantine CIFAR-100,cifar100,ResNet-9,FedHEP,moderate,gradient_ascent,0.2,15,30,14.49,16.71,11.37,15.19,114.8,8.42,401.0
Byzantine CIFAR-100,cifar100,ResNet-9,Defended FedHEP,moderate,gradient_ascent,0.2,15,30,40.45,4.93,34.09,4.7,114.8,8.42,361.62
Byzantine CIFAR-100,cifar100,ResNet-9,Fedavg,moderate,gradient_ascent,0.3,15,30,1.06,0.08,0.0,0.0,110.2,8.4,153.24
Byzantine CIFAR-100,cifar100,ResNet-9,Fedprox,moderate,gradient_ascent,0.3,15,30,1.06,0.08,0.0,0.0,110.2,8.4,186.62
Byzantine CIFAR-100,cifar100,ResNet-9,Multikrum,moderate,gradient_ascent,0.3,15,30,23.26,1.97,17.3,2.83,110.2,8.4,153.34
Byzantine CIFAR-100,cifar100,ResNet-9,Scaffold,moderate,gradient_ascent,0.3,15,30,1.06,0.08,0.0,0.0,110.2,8.4,151.28
Byzantine CIFAR-100,cifar100,ResNet-9,Ditto,moderate,gradient_ascent,0.3,15,30,1.81,0.71,0.3,0.42,110.2,8.4,332.78
Byzantine CIFAR-100,cifar100,ResNet-9,Fedrep,moderate,gradient_ascent,0.3,15,30,1.21,0.06,0.07,0.09,110.2,8.4,127.03
Byzantine CIFAR-100,cifar100,ResNet-9,FedHEP,moderate,gradient_ascent,0.3,15,30,1.66,0.53,0.11,0.16,114.8,8.42,414.79
Byzantine CIFAR-100,cifar100,ResNet-9,Defended FedHEP,moderate,gradient_ascent,0.3,15,30,28.93,5.66,22.69,5.28,114.8,8.42,353.69
Byzantine CIFAR-100,cifar100,ResNet-9,Fedavg,moderate,gradient_ascent,0.4,15,30,1.06,0.08,0.0,0.0,110.2,8.4,150.05
Byzantine CIFAR-100,cifar100,ResNet-9,Fedprox,moderate,gradient_ascent,0.4,15,30,1.06,0.08,0.0,0.0,110.2,8.4,182.91
Byzantine CIFAR-100,cifar100,ResNet-9,Multikrum,moderate,gradient_ascent,0.4,15,30,16.77,11.13,12.22,8.64,110.2,8.4,149.95
Byzantine CIFAR-100,cifar100,ResNet-9,Scaffold,moderate,gradient_ascent,0.4,15,30,1.06,0.08,0.0,0.0,110.2,8.4,171.95
Byzantine CIFAR-100,cifar100,ResNet-9,Ditto,moderate,gradient_ascent,0.4,15,30,2.04,0.81,0.0,0.0,110.2,8.4,485.24
Byzantine CIFAR-100,cifar100,ResNet-9,Fedrep,moderate,gradient_ascent,0.4,15,30,1.23,0.05,0.0,0.0,110.2,8.4,176.21
Byzantine CIFAR-100,cifar100,ResNet-9,FedHEP,moderate,gradient_ascent,0.4,15,30,1.27,0.11,0.0,0.0,114.8,8.42,402.55
Byzantine CIFAR-100,cifar100,ResNet-9,Defended FedHEP,moderate,gradient_ascent,0.4,15,30,15.17,11.79,11.04,11.73,114.8,8.42,357.93
Byzantine CIFAR-100,cifar100,ResNet-9,Fedavg,moderate,random_noise,0.0,15,30,38.26,0.23,33.27,0.86,110.2,8.4,169.69
Byzantine CIFAR-100,cifar100,ResNet-9,Fedprox,moderate,random_noise,0.0,15,30,38.36,0.19,33.63,1.09,110.2,8.4,172.38
Byzantine CIFAR-100,cifar100,ResNet-9,Multikrum,moderate,random_noise,0.0,15,30,25.04,0.69,17.59,1.32,110.2,8.4,140.42
Byzantine CIFAR-100,cifar100,ResNet-9,Scaffold,moderate,random_noise,0.0,15,30,39.41,0.31,35.05,0.87,110.2,8.4,139.03
Byzantine CIFAR-100,cifar100,ResNet-9,Ditto,moderate,random_noise,0.0,15,30,43.96,1.51,37.06,1.0,110.2,8.4,307.51
Byzantine CIFAR-100,cifar100,ResNet-9,Fedrep,moderate,random_noise,0.0,15,30,29.52,1.35,23.48,1.62,110.2,8.4,117.58
Byzantine CIFAR-100,cifar100,ResNet-9,FedHEP,moderate,random_noise,0.0,15,30,47.46,0.71,40.61,1.09,114.8,8.42,354.24
Byzantine CIFAR-100,cifar100,ResNet-9,Defended FedHEP,moderate,random_noise,0.0,15,30,47.88,0.46,41.57,0.85,114.8,8.42,357.98
Byzantine CIFAR-100,cifar100,ResNet-9,Fedavg,moderate,random_noise,0.1,15,30,13.67,17.7,11.4,16.12,110.2,8.4,155.79
Byzantine CIFAR-100,cifar100,ResNet-9,Fedprox,moderate,random_noise,0.1,15,30,13.49,17.4,11.23,15.88,110.2,8.4,188.98
Byzantine CIFAR-100,cifar100,ResNet-9,Multikrum,moderate,random_noise,0.1,15,30,24.13,2.31,17.94,1.84,110.2,8.4,156.24
Byzantine CIFAR-100,cifar100,ResNet-9,Scaffold,moderate,random_noise,0.1,15,30,13.56,18.18,11.54,16.32,110.2,8.4,154.93
Byzantine CIFAR-100,cifar100,ResNet-9,Ditto,moderate,random_noise,0.1,15,30,25.47,14.21,19.42,13.99,110.2,8.4,338.19
Byzantine CIFAR-100,cifar100,ResNet-9,Fedrep,moderate,random_noise,0.1,15,30,19.76,8.03,14.91,7.5,110.2,8.4,129.96
Byzantine CIFAR-100,cifar100,ResNet-9,FedHEP,moderate,random_noise,0.1,15,30,21.24,19.41,16.82,17.73,114.8,8.42,374.07
Byzantine CIFAR-100,cifar100,ResNet-9,Defended FedHEP,moderate,random_noise,0.1,15,30,48.39,0.47,41.71,1.62,114.8,8.42,357.32
Byzantine CIFAR-100,cifar100,ResNet-9,Fedavg,moderate,random_noise,0.2,15,30,1.43,0.51,0.0,0.0,110.2,8.4,156.49
Byzantine CIFAR-100,cifar100,ResNet-9,Fedprox,moderate,random_noise,0.2,15,30,1.0,0.41,0.0,0.0,110.2,8.4,189.08
Byzantine CIFAR-100,cifar100,ResNet-9,Multikrum,moderate,random_noise,0.2,15,30,23.97,2.13,16.34,0.8,110.2,8.4,156.02
Byzantine CIFAR-100,cifar100,ResNet-9,Scaffold,moderate,random_noise,0.2,15,30,1.31,0.45,0.0,0.0,110.2,8.4,154.34
Byzantine CIFAR-100,cifar100,ResNet-9,Ditto,moderate,random_noise,0.2,15,30,15.41,4.11,10.7,4.64,110.2,8.4,339.64
Byzantine CIFAR-100,cifar100,ResNet-9,Fedrep,moderate,random_noise,0.2,15,30,9.56,6.41,7.09,5.39,110.2,8.4,129.39
Byzantine CIFAR-100,cifar100,ResNet-9,FedHEP,moderate,random_noise,0.2,15,30,7.89,3.34,4.96,2.79,114.8,8.42,374.73
Byzantine CIFAR-100,cifar100,ResNet-9,Defended FedHEP,moderate,random_noise,0.2,15,30,47.72,0.36,40.41,2.66,114.8,8.42,358.44
Byzantine CIFAR-100,cifar100,ResNet-9,Fedavg,moderate,random_noise,0.3,15,30,1.3,0.15,0.0,0.0,110.2,8.4,156.05
Byzantine CIFAR-100,cifar100,ResNet-9,Fedprox,moderate,random_noise,0.3,15,30,0.96,0.31,0.0,0.0,110.2,8.4,189.67
Byzantine CIFAR-100,cifar100,ResNet-9,Multikrum,moderate,random_noise,0.3,15,30,22.96,1.01,15.7,1.77,110.2,8.4,155.16
Byzantine CIFAR-100,cifar100,ResNet-9,Scaffold,moderate,random_noise,0.3,15,30,1.27,0.28,0.1,0.14,110.2,8.4,154.43
Byzantine CIFAR-100,cifar100,ResNet-9,Ditto,moderate,random_noise,0.3,15,30,10.86,1.49,5.99,1.74,110.2,8.4,340.11
Byzantine CIFAR-100,cifar100,ResNet-9,Fedrep,moderate,random_noise,0.3,15,30,11.27,0.49,6.48,2.19,110.2,8.4,129.57
Byzantine CIFAR-100,cifar100,ResNet-9,FedHEP,moderate,random_noise,0.3,15,30,3.37,1.07,1.54,0.68,114.8,8.42,373.93
Byzantine CIFAR-100,cifar100,ResNet-9,Defended FedHEP,moderate,random_noise,0.3,15,30,44.53,1.86,38.36,1.79,114.8,8.42,358.02
Byzantine CIFAR-100,cifar100,ResNet-9,Fedavg,moderate,random_noise,0.4,15,30,1.37,0.34,0.14,0.19,110.2,8.4,156.14
Byzantine CIFAR-100,cifar100,ResNet-9,Fedprox,moderate,random_noise,0.4,15,30,1.24,0.35,0.08,0.11,110.2,8.4,189.71
Byzantine CIFAR-100,cifar100,ResNet-9,Multikrum,moderate,random_noise,0.4,15,30,22.06,2.43,16.22,2.65,110.2,8.4,155.79
Byzantine CIFAR-100,cifar100,ResNet-9,Scaffold,moderate,random_noise,0.4,15,30,0.78,0.1,0.0,0.0,110.2,8.4,154.49
Byzantine CIFAR-100,cifar100,ResNet-9,Ditto,moderate,random_noise,0.4,15,30,8.63,1.31,5.33,0.67,110.2,8.4,339.22
Byzantine CIFAR-100,cifar100,ResNet-9,Fedrep,moderate,random_noise,0.4,15,30,5.04,5.44,2.95,4.18,110.2,8.4,129.78
Byzantine CIFAR-100,cifar100,ResNet-9,FedHEP,moderate,random_noise,0.4,15,30,3.05,0.33,0.98,0.51,114.8,8.42,373.59
Byzantine CIFAR-100,cifar100,ResNet-9,Defended FedHEP,moderate,random_noise,0.4,15,30,35.46,11.06,29.06,9.3,114.8,8.42,359.15
50-Client Scalability,cifar100,ResNet-9,FedAvg,Moderate (alpha=0.5),none,0.0,50,20,8.31,0.0,0.0,0.0,110.2,8.42,
50-Client Scalability,cifar100,ResNet-9,FedRep,Moderate (alpha=0.5),none,0.0,50,20,10.69,0.0,0.0,0.0,110.2,8.42,
50-Client Scalability,cifar100,ResNet-9,Ditto,Moderate (alpha=0.5),none,0.0,50,20,12.65,0.0,0.0,0.0,220.4,8.42,
50-Client Scalability,cifar100,ResNet-9,Defended FedHEP,Moderate (alpha=0.5),none,0.0,50,20,19.63,0.0,0.0,0.0,114.8,8.42,
50-Client Scalability,cifar100,ResNet-9,FedAvg,Severe (alpha=0.1),none,0.0,50,20,5.08,0.0,0.0,0.0,110.2,8.42,
50-Client Scalability,cifar100,ResNet-9,FedRep,Severe (alpha=0.1),none,0.0,50,20,5.91,0.0,0.0,0.0,110.2,8.42,
50-Client Scalability,cifar100,ResNet-9,Ditto,Severe (alpha=0.1),none,0.0,50,20,20.47,0.0,0.0,0.0,220.4,8.42,
50-Client Scalability,cifar100,ResNet-9,Defended FedHEP,Severe (alpha=0.1),none,0.0,50,20,11.03,0.0,0.0,0.0,114.8,8.42,
MobileNetV3 Edge Vision,cifar100,MobileNetV3-Small,FedAvg,Moderate (alpha=0.5),none,0.0,15,30,15.37,0.0,10.44,0.0,152.4,5.58,
MobileNetV3 Edge Vision,cifar100,MobileNetV3-Small,Ditto,Moderate (alpha=0.5),none,0.0,15,30,14.4,0.0,7.05,0.0,298.6,11.36,
MobileNetV3 Edge Vision,cifar100,MobileNetV3-Small,Defended FedHEP,Moderate (alpha=0.5),none,0.0,15,30,25.24,0.0,20.16,0.0,158.8,6.29,
MobileNetV3 Edge Vision,cifar100,MobileNetV3-Small,FedAvg,Extreme (alpha=0.05),none,0.0,15,30,10.25,0.0,5.33,0.0,152.4,5.58,
MobileNetV3 Edge Vision,cifar100,MobileNetV3-Small,Ditto,Extreme (alpha=0.05),none,0.0,15,30,34.66,0.0,16.75,0.0,298.6,11.36,
MobileNetV3 Edge Vision,cifar100,MobileNetV3-Small,Defended FedHEP,Extreme (alpha=0.05),none,0.0,15,30,45.43,0.0,30.07,0.0,158.8,6.29,
